{
  "train_loss": [
    2.2521763880541372,
    2.139427956502149,
    2.093455088366369,
    2.054521717083682,
    2.0247167014771965,
    1.9945171669030646,
    1.9739911017144562,
    1.9483013342899882,
    1.9156978008853403,
    1.8765415074718985,
    1.8050491399825759,
    1.717868035006675,
    1.608948602038584,
    1.4909078573725025,
    1.13648573380367,
    0.7303765505362468,
    0.5330823202421711,
    0.3223171117863837,
    0.19616951726993936,
    0.21129594119206355,
    0.15371096335873483,
    0.10128705844781391,
    0.07903004555731633,
    0.058429866928346216,
    0.044562002290989375,
    0.054747195659312096,
    0.17794016758751147,
    0.04903266625182264,
    0.04581837440769716,
    0.02130930634974769
  ],
  "train_acc": [
    0.011146496815286623,
    0.011743630573248409,
    0.01751592356687898,
    0.017814490445859872,
    0.02129777070063694,
    0.024880573248407645,
    0.026174363057324842,
    0.026273885350318472,
    0.03105095541401274,
    0.03343949044585987,
    0.042993630573248405,
    0.051453025477707005,
    0.06697850318471338,
    0.09026671974522293,
    0.1858081210191083,
    0.4211783439490446,
    0.6179339171974523,
    0.7797571656050956,
    0.8573845541401274,
    0.8542993630573248,
    0.8958001592356688,
    0.9408837579617835,
    0.9515326433121019,
    0.9670581210191083,
    0.9747213375796179,
    0.9699442675159236,
    0.8977906050955414,
    0.9751194267515924,
    0.978702229299363,
    0.9894506369426752
  ],
  "val_loss": [
    2.1416901499032974,
    2.0805091708898544,
    2.0637294091284275,
    2.036331497132778,
    1.9840706698596478,
    1.9945913441479206,
    1.935531660914421,
    1.9264273904263973,
    1.8783583603799343,
    1.8378471955657005,
    1.7093368358910084,
    1.58335417881608,
    1.4959625862538815,
    1.2432738840579987,
    0.876191658899188,
    0.3102980935946107,
    0.29500248935073614,
    0.05092679365770891,
    0.04282877122750506,
    0.05880390637321398,
    0.025543493407894857,
    0.008867397576977964,
    0.00894139912634273,
    0.02772098043351434,
    0.0008585170890000882,
    0.006591020941414172,
    0.00942073617625283,
    0.0013049129102000734,
    0.001336859440925764,
    0.0004701357593148714
  ],
  "val_acc": [
    0.01513671875,
    0.013671875,
    0.0146484375,
    0.025390625,
    0.02001953125,
    0.025390625,
    0.029296875,
    0.029296875,
    0.03076171875,
    0.0341796875,
    0.04052734375,
    0.0595703125,
    0.076171875,
    0.1474609375,
    0.3134765625,
    0.7158203125,
    0.79833984375,
    0.96240234375,
    0.96142578125,
    0.9501953125,
    0.9921875,
    0.9970703125,
    0.99658203125,
    0.97900390625,
    1.0,
    0.998046875,
    0.9951171875,
    1.0,
    1.0,
    1.0
  ],
  "test_loss": 0.0010590421388769755,
  "test_acc": 1.0
}