{
  "train_loss": [
    0.7429340533174265,
    0.7107597846573535,
    0.6983157042116402,
    0.695869754488095,
    0.6935313479207195,
    0.6928385124800686,
    0.691142162195029,
    0.6916626865109696,
    0.6897903675088486,
    0.689220589570725,
    0.6869882025276891,
    0.6868924727074255,
    0.6860318279114014,
    0.6864859071402504,
    0.6845620245979236,
    0.6836919952124453,
    0.6831312990797975,
    0.683793052697715,
    0.6835763142131769,
    0.6839253262589915,
    0.6828696742987099,
    0.6851636950200358,
    0.6832695729054582,
    0.6826291388977831,
    0.6831481275847926,
    0.6842407235703148,
    0.683066002096231,
    0.6830006662649087,
    0.6833033759753925,
    0.6838803293225103
  ],
  "train_acc": [
    0.5051,
    0.5032,
    0.5088,
    0.5052,
    0.516,
    0.5213,
    0.5274,
    0.5271,
    0.5221,
    0.5315,
    0.5437,
    0.541,
    0.551,
    0.5443,
    0.5588,
    0.5526,
    0.5597,
    0.5566,
    0.5528,
    0.56,
    0.5614,
    0.5479,
    0.5639,
    0.5592,
    0.5663,
    0.5585,
    0.564,
    0.5629,
    0.5624,
    0.5547
  ],
  "val_loss": [
    0.713134263242994,
    0.7011774768905034,
    0.7020384366550143,
    0.6960902147822909,
    0.6962360569408962,
    0.6975111573461502,
    0.6990923086802164,
    0.697500899670616,
    0.6976822340299212,
    0.6976815433729262,
    0.6982096594477457,
    0.6999133390093607,
    0.6984669159329127,
    0.6980851746740795,
    0.6997039015330966,
    0.6989704436726041,
    0.6986456437716408,
    0.6986358600949484,
    0.6979621251424154,
    0.6974929400852748,
    0.6977777868982346,
    0.6976505622031197,
    0.6973691819206117,
    0.6970894194784618,
    0.6971440636922442,
    0.6971064219399105,
    0.6970360666986496,
    0.6970043276983594,
    0.6970037685500251,
    0.6970086665380568
  ],
  "val_acc": [
    0.496,
    0.489,
    0.4955,
    0.4935,
    0.4905,
    0.492,
    0.4985,
    0.485,
    0.492,
    0.5,
    0.4955,
    0.4885,
    0.4975,
    0.489,
    0.4905,
    0.491,
    0.487,
    0.49,
    0.4875,
    0.4945,
    0.4935,
    0.4895,
    0.494,
    0.4945,
    0.495,
    0.496,
    0.4945,
    0.494,
    0.4935,
    0.4935
  ],
  "test_loss": 0.6963346818136791,
  "test_acc": 0.5005
}