{
  "train_loss": [
    0.7638873680711935,
    0.7094271004009551,
    0.6969940264384967,
    0.6955174000118487,
    0.6940587791391074,
    0.6935032250020451,
    0.6934949538578241,
    0.6918243188827563,
    0.6912766957816224,
    0.6918233724447865,
    0.6890526926174713,
    0.689401346844987,
    0.688275148693365,
    0.6870049013497349,
    0.6859681650091665,
    0.6857984345941879,
    0.6850597555644977,
    0.6858888854995703,
    0.6841020216576208,
    0.6854443999525076,
    0.6853220919831492,
    0.6841179947502697,
    0.6844231743401232,
    0.6854988972599895,
    0.6846405292471377,
    0.6846958427383496,
    0.6841646288149654,
    0.6844149252858025,
    0.6851899223967483,
    0.6851720335765388
  ],
  "train_acc": [
    0.4991,
    0.5015,
    0.5117,
    0.5057,
    0.5117,
    0.5176,
    0.5165,
    0.5181,
    0.5259,
    0.5163,
    0.5351,
    0.525,
    0.5309,
    0.5438,
    0.5451,
    0.5428,
    0.5488,
    0.5497,
    0.5502,
    0.5472,
    0.5508,
    0.5569,
    0.5549,
    0.5497,
    0.5469,
    0.5525,
    0.5499,
    0.5511,
    0.5466,
    0.5479
  ],
  "val_loss": [
    0.7066442890772744,
    0.6964301419636559,
    0.6945379688626244,
    0.6947178935247754,
    0.6964150799645318,
    0.693804645349109,
    0.6992407734431918,
    0.6951385859459166,
    0.6953516242996095,
    0.6957085908405365,
    0.7019697200684321,
    0.6981579983045184,
    0.6975997393093412,
    0.698116333711715,
    0.6970946022442409,
    0.6976422307983278,
    0.6977588250523522,
    0.6992472542656792,
    0.6980618068150112,
    0.6977628166713412,
    0.698116145436726,
    0.6984627984818959,
    0.6982615381952316,
    0.6984159889675322,
    0.6982638958900694,
    0.6982074029861934,
    0.6981933845414056,
    0.6982206125108023,
    0.698226965609051,
    0.6982208405222211
  ],
  "val_acc": [
    0.5075,
    0.517,
    0.5085,
    0.5,
    0.5,
    0.506,
    0.4895,
    0.5,
    0.496,
    0.502,
    0.4885,
    0.5025,
    0.496,
    0.4945,
    0.498,
    0.5035,
    0.501,
    0.4965,
    0.499,
    0.498,
    0.497,
    0.499,
    0.4935,
    0.4945,
    0.4965,
    0.4975,
    0.4975,
    0.4985,
    0.498,
    0.4985
  ],
  "test_loss": 0.694024279950157,
  "test_acc": 0.5135
}