{
  "train_loss": [
    0.7546855984404445,
    0.7050117096200157,
    0.6958051360072419,
    0.6935520328271884,
    0.6928677328478414,
    0.6907018343099771,
    0.6814808167588596,
    0.5064512008485703,
    0.31071507635588846,
    0.24695125628060427,
    0.20928347502320338,
    0.19823607786323505,
    0.1816445701002789,
    0.17875006803260823,
    0.17050306882840185,
    0.1601259361464566,
    0.1540913178195683,
    0.15243498826274476,
    0.15021931039639555,
    0.14938924128945452,
    0.1483128999892515,
    0.14781539042751057,
    0.14701672400624607,
    0.13994294327621262,
    0.14015638934799468,
    0.13857866968876256,
    0.13644642960101652,
    0.14166441552650433,
    0.13535751620182596,
    0.14050194424109907
  ],
  "train_acc": [
    0.4983,
    0.506,
    0.5163,
    0.5204,
    0.5247,
    0.5278,
    0.5622,
    0.7501,
    0.8701,
    0.8988,
    0.919,
    0.922,
    0.9325,
    0.9324,
    0.9361,
    0.9391,
    0.9417,
    0.9424,
    0.9448,
    0.9435,
    0.9448,
    0.9432,
    0.9455,
    0.9485,
    0.9504,
    0.9495,
    0.9535,
    0.9475,
    0.9502,
    0.9484
  ],
  "val_loss": [
    0.7011148551153759,
    0.6922336324812874,
    0.6947680550908285,
    0.6928745725798229,
    0.6977051042375111,
    0.6850998307031299,
    0.6556239733620296,
    0.30961288038700346,
    0.20490439342600958,
    0.1575510576958694,
    0.15783569275859802,
    0.1510306295776178,
    0.13837530830549816,
    0.12292592218589216,
    0.12399779747994173,
    0.12185324400308586,
    0.13811797523013655,
    0.12111945088124937,
    0.1443708143197,
    0.11545426538953232,
    0.12018477264791727,
    0.12768072167795802,
    0.1205555588036539,
    0.10558250063054618,
    0.127428590785712,
    0.1198061578833158,
    0.12457157273791612,
    0.1218837709387853,
    0.1205493842236816,
    0.12064586303359459
  ],
  "val_acc": [
    0.4985,
    0.5265,
    0.5015,
    0.516,
    0.494,
    0.5375,
    0.6005,
    0.8745,
    0.923,
    0.9435,
    0.942,
    0.9475,
    0.951,
    0.957,
    0.956,
    0.9565,
    0.952,
    0.9585,
    0.9515,
    0.961,
    0.9595,
    0.955,
    0.959,
    0.9625,
    0.957,
    0.959,
    0.958,
    0.9585,
    0.958,
    0.958
  ],
  "test_loss": 0.1147288866341114,
  "test_acc": 0.963
}