{
  "baseline": 1.0,
  "encoder": {
    "layer_0": {
      "head_0": {
        "accuracy": 0.4425,
        "importance": 0.5575
      },
      "head_1": {
        "accuracy": 1.0,
        "importance": 0.0
      },
      "head_2": {
        "accuracy": 0.1735,
        "importance": 0.8265
      },
      "head_3": {
        "accuracy": 1.0,
        "importance": 0.0
      }
    },
    "layer_1": {
      "head_0": {
        "accuracy": 0.9995,
        "importance": 0.0004999999999999449
      },
      "head_1": {
        "accuracy": 1.0,
        "importance": 0.0
      },
      "head_2": {
        "accuracy": 0.5265,
        "importance": 0.47350000000000003
      },
      "head_3": {
        "accuracy": 0.9985,
        "importance": 0.0014999999999999458
      }
    }
  },
  "decoder": {
    "layer_0": {
      "self_attn_head_0": {
        "accuracy": 0.9,
        "importance": 0.09999999999999998
      },
      "self_attn_head_1": {
        "accuracy": 0.7885,
        "importance": 0.21150000000000002
      },
      "self_attn_head_2": {
        "accuracy": 0.9995,
        "importance": 0.0004999999999999449
      },
      "self_attn_head_3": {
        "accuracy": 0.9175,
        "importance": 0.08250000000000002
      },
      "cross_attn_head_0": {
        "accuracy": 0.9995,
        "importance": 0.0004999999999999449
      },
      "cross_attn_head_1": {
        "accuracy": 0.997,
        "importance": 0.0030000000000000027
      },
      "cross_attn_head_2": {
        "accuracy": 0.9995,
        "importance": 0.0004999999999999449
      },
      "cross_attn_head_3": {
        "accuracy": 0.999,
        "importance": 0.0010000000000000009
      }
    },
    "layer_1": {
      "self_attn_head_0": {
        "accuracy": 0.6455,
        "importance": 0.35450000000000004
      },
      "self_attn_head_1": {
        "accuracy": 0.9995,
        "importance": 0.0004999999999999449
      },
      "self_attn_head_2": {
        "accuracy": 0.155,
        "importance": 0.845
      },
      "self_attn_head_3": {
        "accuracy": 0.934,
        "importance": 0.06599999999999995
      },
      "cross_attn_head_0": {
        "accuracy": 0.998,
        "importance": 0.0020000000000000018
      },
      "cross_attn_head_1": {
        "accuracy": 0.6885,
        "importance": 0.3115
      },
      "cross_attn_head_2": {
        "accuracy": 1.0,
        "importance": 0.0
      },
      "cross_attn_head_3": {
        "accuracy": 0.998,
        "importance": 0.0020000000000000018
      }
    }
  }
}